;eigen;katz;between;closeness
harrystyles;0.6423613050766702;0.3676131588096587;0.7223915350298098;0.7011211948762491
asitwas;0.4475496981954531;0.19137068608673513;0.0638957486505255;0.47761386899539554
harrystylesono;0.2672466902887241;0.15499034946100268;0.007824000861828665;0.44470407943564216
onenightonly;0.2026986346043921;0.13347935165603544;0.0039819002184593565;0.4354714687899195
onotickets;0.19898000047360329;0.12349649928557138;0.009315502993463853;0.4324785377329441
ono;0.16798990870995356;0.1262526447700086;;0.4324785377329441
harrystylestickets;0.16311350138063205;0.13007046889295057;0.003431783127381487;0.43396984303547154
loveontour;0.15289100679981754;0.11308742965150884;;0.4280654914295467
loveontour2022;0.14345933960686413;0.11242026353081752;;0.4280654914295467
hs3;0.13165951519116667;0.10188021822808613;;0.4266144219670737
youarehome;0.11698377304746342;0.08756851667004667;0.005533453421594522;0.4354714687899195
hslot;0.10406085638755105;0.1045770614899735;;0.42374159757672303
harrystylesloveontour;0.09823784746074626;0.09538647530898335;;0.42302942682449324
harry;0.09265939346063576;0.1414436022913945;0.003836743051177955;0.43396984303547154
fineline;0.0806508758958629;0.13091587212512026;0.0038494038358662767;0.43322290698893884
harries;0.07685091306194627;0.09759816534476905;;0.42231964590700244
onedirection;0.07536464542650868;0.09775207028158948;0.02221247346953234;0.42733872489061714
zanelowe;0.07430941358809993;;;
louistomlinson;0.0681192083268165;0.0874523237351854;;0.42374159757672303
onoharrystyles;0.06687285174018845;0.08625481459477229;;
hsiq;0.06583841639075205;;;
ubsarena;0.04602420136570193;;;
harrychella;0.04599618307087738;;;
tickets;0.04539098187062771;0.0938200702010035;;
vendobiglietti;0.04388708857271045;;;
onolondon;0.04343391235683659;;;
larrystylinson;0.04217833161332737;;;
hs1;0.041610885398790806;0.11180791728521663;;0.42517315702799574
aiw;0.03990992665625332;;;
wembley;0.03948832056449778;;;
may20;;0.11064337970807984;;0.42445617025391813
styles;;0.09076454966072153;;
golden;;0.08786654032539631;;
watermelonsugar;;0.08218411770534528;;
newalbum;;0.08218411770534528;;
lightsup;;0.08218411770534528;;
falling;;0.08218411770534528;;
hs2;;0.08218411770534528;;
adoreyou;;0.08218411770534528;;
eurovision;;;0.24214456205830862;0.4868520482796392
spotify;;;0.06710975305776887;0.4280654914295467
cryptocrash;;;0.05301565199453341;
justiceforjohhnydepp;;;0.033624713132719634;
harrystylesavecnrj;;;0.020267656842268122;
fitnessgirl;;;0.020267656842268122;
buffalo;;;0.014320586541519471;
deppvsheard;;;0.013589128697042367;
johnnydepp;;;0.013589128697042367;
harrystylesloveontour2022;;;0.006997781191329578;
billieeilish;;;0.006807457259998453;
art;;;0.006807457259998453;
help;;;0.006807457259998453;
5sos5;;;0.006807457259998453;
seventeen;;;0.006807457259998453;
bitcoin;;;0.006807457259998453;
shawnmendes;;;0.006807457259998452;
louistomlinsonworldtour2022;;;0.006688138294466129;0.4470737281715337
taylorswift;;;0.004254445905641081;
eurovision2022;;;0.00407553303816938;0.43622618537361085
trending;;;;0.4408099981796383
heartstopper;;;;0.4369835225009956
cryptocurrency;;;;0.4354714687899195
esc2022;;;;0.4347193591719749
bts;;;;0.43396984303547154
eurovisionrtve;;;;0.43396984303547154
